{"1hr2767_1": {"sf": 0.28425897839924424, "original_res": 4198.0}, "1hr2768_2": {"sf": 0.28425897839924424, "original_res": 4198.0}, "1hr2769_3": {"sf": 0.28425897839924424, "original_res": 4198.0}, "1hr2770_4": {"sf": 0.28425897839924424, "original_res": 4198.0}, "1hr2761_2": {"sf": 0.35538798814230077, "original_res": 4989.0}, "1hr2760_1": {"sf": 0.35538798814230077, "original_res": 4989.0}, "1hr2759": {"sf": 0.3553587863920009, "original_res": 4740.0}, "1hr2757_2": {"sf": 0.3553587863920009, "original_res": 4740.0}, "1hr2756_1": {"sf": 0.3553587863920009, "original_res": 4740.0}, "1hr2752_2": {"sf": 0.35413028324110496, "original_res": 4786.0}, "1hr2753_3": {"sf": 0.35413028324110496, "original_res": 4786.0}, "1hr2751_1": {"sf": 0.35413028324110496, "original_res": 4786.0}, "1hr2745_1": {"sf": 0.2919020457603701, "original_res": 5024.0}, "1hr2746_2": {"sf": 0.2919020457603701, "original_res": 5024.0}, "1hr2739_1": {"sf": 0.28838503733057197, "original_res": 4502.0}, "1hr2740_2": {"sf": 0.28838503733057197, "original_res": 4502.0}, "1hr2741_3": {"sf": 0.28838503733057197, "original_res": 4502.0}, "1hr2742_4": {"sf": 0.28838503733057197, "original_res": 4502.0}, "1hr2734_4": {"sf": 0.2899337244140975, "original_res": 4458.0}, "1hr2733_3": {"sf": 0.2899337244140975, "original_res": 4458.0}, "1hr2732_2": {"sf": 0.2899337244140975, "original_res": 4458.0}, "1hr2731_1": {"sf": 0.2899337244140975, "original_res": 4458.0}, "1hr2530_2": {"sf": 0.28829412281915934, "original_res": 4988.0}, "1hr2531_3": {"sf": 0.28829412281915934, "original_res": 4988.0}, "1hr2529_1": {"sf": 0.28829412281915934, "original_res": 4988.0}, "2hr2364_3": {"sf": 0.3020319072906871, "original_res": 3690.0}, "2hr2363_2": {"sf": 0.3020319072906871, "original_res": 3690.0}, "2hr2362_1": {"sf": 0.3020319072906871, "original_res": 3690.0}, "2hr2360_2": {"sf": 0.29887584984577975, "original_res": 3758.0}, "2hr2361_3": {"sf": 0.29887584984577975, "original_res": 3758.0}, "2hr2359_1": {"sf": 0.29887584984577975, "original_res": 3758.0}, "2hr2357_2": {"sf": 0.3085540947492793, "original_res": 3521.0}, "2hr2356_1": {"sf": 0.3085540947492793, "original_res": 3521.0}, "2hr2355_3": {"sf": 0.2937295252396878, "original_res": 3792.0}, "2hr2354_2": {"sf": 0.2937295252396878, "original_res": 3792.0}, "2hr2353_1": {"sf": 0.2937295252396878, "original_res": 3792.0}, "2hr2350_1": {"sf": 0.29394490546160085, "original_res": 3894.0}, "2hr2352_3": {"sf": 0.29394490546160085, "original_res": 3894.0}, "2hr2351_2": {"sf": 0.29394490546160085, "original_res": 3894.0}, "2hr2348_2": {"sf": 0.2845638618081724, "original_res": 4012.0}, "2hr2349_3": {"sf": 0.2845638618081724, "original_res": 4012.0}, "2hr2347_1": {"sf": 0.2845638618081724, "original_res": 4012.0}, "2hr2341_1": {"sf": 0.28347777781011296, "original_res": 3758.0}, "2hr2343_3": {"sf": 0.28347777781011296, "original_res": 3758.0}, "2hr2342_2": {"sf": 0.28347777781011296, "original_res": 3758.0}, "2hr2331_2": {"sf": 0.2915746825199363, "original_res": 4199.0}, "2hr2330_1": {"sf": 0.2915746825199363, "original_res": 4199.0}, "2hr2311_3": {"sf": 0.2977138590675366, "original_res": 3758.0}, "2hr2310_2": {"sf": 0.2977138590675366, "original_res": 3758.0}, "2hr2309_1": {"sf": 0.2977138590675366, "original_res": 3758.0}, "2hr2316_2": {"sf": 0.2978188410310996, "original_res": 3928.0}, "2hr2315_1": {"sf": 0.2978188410310996, "original_res": 3928.0}, "2hr2317_3": {"sf": 0.2978188410310996, "original_res": 3928.0}, "2hr2329_3": {"sf": 0.2880068923314613, "original_res": 3690.0}, "2hr2328_2": {"sf": 0.2880068923314613, "original_res": 3690.0}, "2hr2327_1": {"sf": 0.2880068923314613, "original_res": 3690.0}, "2hr2308_3": {"sf": 0.297040828467258, "original_res": 3656.0}, "2hr2307_2": {"sf": 0.297040828467258, "original_res": 3656.0}, "2hr2306_1": {"sf": 0.297040828467258, "original_res": 3656.0}, "4hr2506_2": {"sf": 0.28833948638877743, "original_res": 5333.0}, "4hr2505_1": {"sf": 0.28833948638877743, "original_res": 5333.0}, "4hr2507_3": {"sf": 0.28833948638877743, "original_res": 5333.0}, "4hr2498_3": {"sf": 0.283151250140633, "original_res": 5082.0}, "4hr2497_2": {"sf": 0.283151250140633, "original_res": 5082.0}, "4hr2496_1": {"sf": 0.283151250140633, "original_res": 5082.0}, "4hr2419_3": {"sf": 0.35727816420486314, "original_res": 4294.0}, "4hr2417_1": {"sf": 0.35727816420486314, "original_res": 4294.0}, "4hr2418_2": {"sf": 0.35727816420486314, "original_res": 4294.0}, "4hr2443_3": {"sf": 0.3533732924954964, "original_res": 5269.0}, "4hr2442_2": {"sf": 0.3533732924954964, "original_res": 5269.0}, "4hr2441_1": {"sf": 0.3533732924954964, "original_res": 5269.0}, "4hr2437_3": {"sf": 0.3578581841741819, "original_res": 5234.0}, "4hr2435_1": {"sf": 0.3578581841741819, "original_res": 5234.0}, "4hr2436_2": {"sf": 0.3578581841741819, "original_res": 5234.0}, "4hr2433_2": {"sf": 0.3541660233905778, "original_res": 4914.0}, "4hr2434_3": {"sf": 0.3541660233905778, "original_res": 4914.0}, "4hr2432_1": {"sf": 0.3541660233905778, "original_res": 4914.0}, "4hr2413_1": {"sf": 0.3580454339800815, "original_res": 4796.0}, "4hr2414_1": {"sf": 0.3580454339800815, "original_res": 4796.0}, "4hr2415_2": {"sf": 0.3580454339800815, "original_res": 4796.0}, "4hr2416_3": {"sf": 0.3580454339800815, "original_res": 4796.0}, "10hr2431": {"sf": 0.3359826746085742, "original_res": 5379.0}, "10hr2429": {"sf": 0.3359826746085742, "original_res": 5379.0}, "10hr2427_2": {"sf": 0.31647133099887753, "original_res": 5846.0}, "10hr2426_1": {"sf": 0.31647133099887753, "original_res": 5846.0}, "10hr2426_3": {"sf": 0.31647133099887753, "original_res": 5846.0}, "10hr2405_2": {"sf": 0.3235468831446773, "original_res": 5863.0}, "10hr2406_3": {"sf": 0.3235468831446773, "original_res": 5863.0}, "10hr2404_1": {"sf": 0.3235468831446773, "original_res": 5863.0}, "10hr2402_3": {"sf": 0.646197652065724, "original_res": 2778.0}, "10hr2401_2": {"sf": 0.646197652065724, "original_res": 2778.0}, "10hr2400_1": {"sf": 0.646197652065724, "original_res": 2778.0}, "10hr2159_1": {"sf": 0.29077885233527, "original_res": 4848.0}, "10hr2160_2": {"sf": 0.29077885233527, "original_res": 4848.0}, "10hr2162_4": {"sf": 0.29077885233527, "original_res": 4848.0}, "10hr2161_3": {"sf": 0.29077885233527, "original_res": 4848.0}, "10hr2155_1": {"sf": 0.2822635667887219, "original_res": 5117.0}, "10hr2153_2": {"sf": 0.2822635667887219, "original_res": 5117.0}, "10hr2154_3": {"sf": 0.2822635667887219, "original_res": 5117.0}, "10hr2152_1": {"sf": 0.2822635667887219, "original_res": 5117.0}, "10hr2146_3": {"sf": 0.25877830402293683, "original_res": 5282.0}, "10hr2145_2": {"sf": 0.25877830402293683, "original_res": 5282.0}, "10hr2147_4": {"sf": 0.25877830402293683, "original_res": 5282.0}, "10hr2144_1": {"sf": 0.25877830402293683, "original_res": 5282.0}, "10hr2136_1": {"sf": 0.25939368562246823, "original_res": 5763.0}, "10hr2138_3": {"sf": 0.25939368562246823, "original_res": 5763.0}, "10hr2137_2": {"sf": 0.25939368562246823, "original_res": 5763.0}, "10hr2139_4": {"sf": 0.25939368562246823, "original_res": 5763.0}, "10hr2127_3": {"sf": 0.2883463228507944, "original_res": 5059.0}, "10hr2127_2": {"sf": 0.2883463228507944, "original_res": 5059.0}, "10hr2127_4": {"sf": 0.2883463228507944, "original_res": 5059.0}}